{
    "Ar36": {
        "error": 0.0022842339513606293, 
        "fit": "parabolic", 
        "value": 0.028874166669493918
    }, 
    "Ar37": {
        "error": 0.13231736143580397, 
        "fit": "linear", 
        "value": -0.36580318539399326
    }, 
    "Ar38": {
        "error": 0.19230620620573186, 
        "fit": "linear", 
        "value": 0.96804473018071846
    }, 
    "Ar39": {
        "error": 0.10323566009555349, 
        "fit": "parabolic", 
        "value": 99.3028320019463
    }, 
    "Ar40": {
        "error": 0.45170727259098381, 
        "fit": "parabolic", 
        "value": 1372.8180122250776
    }, 
    "Ar41": {
        "error": 0.12256115201956554, 
        "fit": "average_SEM", 
        "value": -0.42505887171253565
    }
}