{
    "Ar36": {
        "error": 0.0024344170502060671, 
        "fit": "parabolic", 
        "value": 0.029015917680647881
    }, 
    "Ar37": {
        "error": 0.12684589236955773, 
        "fit": "linear", 
        "value": -0.05069332119519919
    }, 
    "Ar38": {
        "error": 0.13832807660822616, 
        "fit": "linear", 
        "value": 1.1773677551886725
    }, 
    "Ar39": {
        "error": 0.10231800934028602, 
        "fit": "parabolic", 
        "value": 98.983956402188909
    }, 
    "Ar40": {
        "error": 0.45022180817687268, 
        "fit": "parabolic", 
        "value": 1369.0679730344239
    }, 
    "Ar41": {
        "error": 0.1266565989567319, 
        "fit": "average_SEM", 
        "value": -0.0047332106413523435
    }
}