{
    "Ar36": {
        "error": 0.00077264964179366588, 
        "fit": "parabolic", 
        "value": 0.00080920838503760625
    }, 
    "Ar37": {
        "error": 0.13906721615454246, 
        "fit": "linear", 
        "value": 0.15530561599225379
    }, 
    "Ar38": {
        "error": 0.13433718230378436, 
        "fit": "linear", 
        "value": 0.13376737857432652
    }, 
    "Ar39": {
        "error": 0.057053096259139548, 
        "fit": "parabolic", 
        "value": 0.012655540226076329
    }, 
    "Ar40": {
        "error": 0.12771816118884505, 
        "fit": "parabolic", 
        "value": 0.31949846958463751
    }, 
    "Ar41": {
        "error": 0.13424104722563915, 
        "fit": "average_SEM", 
        "value": -0.095324463001743423
    }
}