{
    "Ar36": {
        "error": 0.00076085352419344183, 
        "fit": "parabolic", 
        "value": 0.00063872516933708725
    }, 
    "Ar37": {
        "error": 0.13313806124653718, 
        "fit": "linear", 
        "value": 0.04282592314545132
    }, 
    "Ar38": {
        "error": 0.14285128971298167, 
        "fit": "linear", 
        "value": 0.025384419255146878
    }, 
    "Ar39": {
        "error": 0.056844784142529151, 
        "fit": "parabolic", 
        "value": 0.018564811051896869
    }, 
    "Ar40": {
        "error": 0.12642479485524188, 
        "fit": "parabolic", 
        "value": 0.22483558944631998
    }, 
    "Ar41": {
        "error": 0.12080260351194581, 
        "fit": "average_SEM", 
        "value": -0.17022418689652113
    }
}