{
    "Ar36": {
        "error": 0.00078665188075942934, 
        "fit": "parabolic", 
        "value": 0.00068248707338589357
    }, 
    "Ar37": {
        "error": 0.13251802477110669, 
        "fit": "linear", 
        "value": 0.033490412624516873
    }, 
    "Ar38": {
        "error": 0.12600980895993949, 
        "fit": "linear", 
        "value": 0.00086945907654442395
    }, 
    "Ar39": {
        "error": 0.054044191185952065, 
        "fit": "parabolic", 
        "value": 0.0016494257024315872
    }, 
    "Ar40": {
        "error": 0.13649310346408716, 
        "fit": "parabolic", 
        "value": 0.15346853791209464
    }, 
    "Ar41": {
        "error": 0.12448139652933637, 
        "fit": "average_SEM", 
        "value": -0.17968104839672377
    }
}