{
    "AX": {
        "error": 0.05097826177840893, 
        "fit": "average_SEM", 
        "value": -0.010896213366868324
    }, 
    "CDD": {
        "error": 3.414399193128503e-05, 
        "fit": "average_SEM", 
        "value": 7.800462481100112e-06
    }, 
    "H1": {
        "error": 0.12778920205615957, 
        "fit": "average_SEM", 
        "value": 0.03255704016191885
    }, 
    "H2": {
        "error": 0.1228462564580382, 
        "fit": "average_SEM", 
        "value": -0.16472389252157882
    }, 
    "L1": {
        "error": 0.13888917052443392, 
        "fit": "average_SEM", 
        "value": 0.0006652392835045855
    }, 
    "L2": {
        "error": 0.13050878078463107, 
        "fit": "average_SEM", 
        "value": 0.020184254640480504
    }
}