{
    "AX": {
        "error": 0.059846036258494086, 
        "fit": "average_SEM", 
        "value": 0.009272145380964502
    }, 
    "CDD": {
        "error": 4.699901379711776e-05, 
        "fit": "average_SEM", 
        "value": 1.5600924962200223e-05
    }, 
    "H1": {
        "error": 0.1304833280294157, 
        "fit": "average_SEM", 
        "value": -0.22064139176121292
    }, 
    "H2": {
        "error": 0.13240869731307034, 
        "fit": "average_SEM", 
        "value": -0.44017825908958913
    }, 
    "L1": {
        "error": 0.1673345808711464, 
        "fit": "average_SEM", 
        "value": -0.2998793674691115
    }, 
    "L2": {
        "error": 0.12558951307920857, 
        "fit": "average_SEM", 
        "value": -0.38570687143752974
    }
}