{
    "AX": {
        "error": 0.05390957192581081, 
        "fit": "average_SEM", 
        "value": 0.01239712098486052
    }, 
    "CDD": {
        "error": 2.4459062257474926e-05, 
        "fit": "average_SEM", 
        "value": 3.900231240550056e-06
    }, 
    "H1": {
        "error": 0.1268257751966145, 
        "fit": "average_SEM", 
        "value": -0.2600090611551423
    }, 
    "H2": {
        "error": 0.1322163888226787, 
        "fit": "average_SEM", 
        "value": -0.47895172766099375
    }, 
    "L1": {
        "error": 0.15809460462379554, 
        "fit": "average_SEM", 
        "value": -0.338682069714802
    }, 
    "L2": {
        "error": 0.13442939487343403, 
        "fit": "average_SEM", 
        "value": -0.40844965192178884
    }
}