{
    "AX": {
        "error": 0.05635924990237824, 
        "fit": "average_SEM", 
        "value": 0.013635257342927313
    }, 
    "CDD": {
        "error": 2.4459062257474926e-05, 
        "fit": "average_SEM", 
        "value": 3.900231240550056e-06
    }, 
    "H1": {
        "error": 0.12723791250871241, 
        "fit": "average_SEM", 
        "value": -0.2822220349606747
    }, 
    "H2": {
        "error": 0.12277735804094767, 
        "fit": "average_SEM", 
        "value": -0.467682090215385
    }, 
    "L1": {
        "error": 0.1801382470809648, 
        "fit": "average_SEM", 
        "value": -0.3478223295096541
    }, 
    "L2": {
        "error": 0.11908718695613385, 
        "fit": "average_SEM", 
        "value": -0.41807275960842766
    }
}