{
    "AX": {
        "error": 0.05533872439325062, 
        "fit": "average_SEM", 
        "value": -0.00951117107955118
    }, 
    "CDD": {
        "error": 3.130546554622594e-05, 
        "fit": "average_SEM", 
        "value": 6.50038540091676e-06
    }, 
    "H1": {
        "error": 0.126199701222418, 
        "fit": "average_SEM", 
        "value": 0.02554803569679886
    }, 
    "H2": {
        "error": 0.13284496875928384, 
        "fit": "average_SEM", 
        "value": -0.18677089514676481
    }, 
    "L1": {
        "error": 0.12700602073550465, 
        "fit": "average_SEM", 
        "value": -0.005086036938397835
    }, 
    "L2": {
        "error": 0.12486412379075826, 
        "fit": "average_SEM", 
        "value": -0.005782090098121747
    }
}