{
    "AX": {
        "error": 0.051052728317434654, 
        "fit": "average_SEM", 
        "value": -0.018548105423663704
    }, 
    "CDD": {
        "error": 8.32984260674045e-05, 
        "fit": "average_SEM", 
        "value": 4.290254364605062e-05
    }, 
    "H1": {
        "error": 0.11860324879175965, 
        "fit": "average_SEM", 
        "value": 0.1084100213246226
    }, 
    "H2": {
        "error": 0.12850025032322795, 
        "fit": "average_SEM", 
        "value": -0.09789890937972814
    }, 
    "L1": {
        "error": 0.1226880673224678, 
        "fit": "average_SEM", 
        "value": 0.07918307506867374
    }, 
    "L2": {
        "error": 0.12578645284012904, 
        "fit": "average_SEM", 
        "value": 0.1250618630166476
    }
}