{
    "AX": {
        "error": 0.058907982407339146, 
        "fit": "average_SEM", 
        "value": -0.015201551741726386
    }, 
    "CDD": {
        "error": 7.420868285275625e-05, 
        "fit": "average_SEM", 
        "value": 3.5102081164950504e-05
    }, 
    "H1": {
        "error": 0.10282411737535888, 
        "fit": "average_SEM", 
        "value": 0.14070742415691104
    }, 
    "H2": {
        "error": 0.10748404923873528, 
        "fit": "average_SEM", 
        "value": -0.07208598696306581
    }, 
    "L1": {
        "error": 0.13475014704147031, 
        "fit": "average_SEM", 
        "value": 0.1043775389320217
    }, 
    "L2": {
        "error": 0.13669457541503535, 
        "fit": "average_SEM", 
        "value": 0.1515691256247616
    }
}