{
    "AX": {
        "error": 0.05803804912812497, 
        "fit": "average_SEM", 
        "value": -0.021044508575384195
    }, 
    "CDD": {
        "error": 3.414399193128503e-05, 
        "fit": "average_SEM", 
        "value": 7.800462481100112e-06
    }, 
    "H1": {
        "error": 0.13724086314208386, 
        "fit": "average_SEM", 
        "value": 0.07377500945779805
    }, 
    "H2": {
        "error": 0.1339366809780013, 
        "fit": "average_SEM", 
        "value": -0.16051002915094917
    }, 
    "L1": {
        "error": 0.13197825519239198, 
        "fit": "average_SEM", 
        "value": 0.04197953542291846
    }, 
    "L2": {
        "error": 0.1288061930063239, 
        "fit": "average_SEM", 
        "value": 0.07127115933496195
    }
}