{
    "AX": {
        "error": 0.053809376149698177, 
        "fit": "average_SEM", 
        "value": -0.015385061752870874
    }, 
    "CDD": {
        "error": 8.378806100340679e-05, 
        "fit": "average_SEM", 
        "value": 5.0703006127150727e-05
    }, 
    "H1": {
        "error": 0.1222599562467517, 
        "fit": "average_SEM", 
        "value": 0.06726467648598676
    }, 
    "H2": {
        "error": 0.12973793228647296, 
        "fit": "average_SEM", 
        "value": -0.16599537445981696
    }, 
    "L1": {
        "error": 0.129677731500627, 
        "fit": "average_SEM", 
        "value": 0.022237634799967054
    }, 
    "L2": {
        "error": 0.12103645786314113, 
        "fit": "average_SEM", 
        "value": 0.04302385911529806
    }
}