{
    "AX": {
        "error": 0.05444524125777793, 
        "fit": "average_SEM", 
        "value": -0.003633342388366145
    }, 
    "CDD": {
        "error": 3.414399193128503e-05, 
        "fit": "average_SEM", 
        "value": 7.800462481100112e-06
    }, 
    "H1": {
        "error": 0.1203139793165795, 
        "fit": "average_SEM", 
        "value": 0.04790288475342095
    }, 
    "H2": {
        "error": 0.14331996003109712, 
        "fit": "average_SEM", 
        "value": -0.006117450307283434
    }, 
    "L1": {
        "error": 0.14772931935103295, 
        "fit": "average_SEM", 
        "value": -0.017739991070508648
    }, 
    "L2": {
        "error": 0.14525083202727437, 
        "fit": "average_SEM", 
        "value": -0.0031456294818781316
    }
}