{
    "AX": {
        "error": 0.05707816649053862, 
        "fit": "average_SEM", 
        "value": 0.012187965906438574
    }, 
    "CDD": {
        "error": 0.00020020179764158007, 
        "fit": "average_SEM", 
        "value": 0.000262615570682101
    }, 
    "H1": {
        "error": 0.12746011151407485, 
        "fit": "average_SEM", 
        "value": -0.2409282556657369
    }, 
    "H2": {
        "error": 0.12639431935506892, 
        "fit": "average_SEM", 
        "value": -0.4684693035980066
    }, 
    "L1": {
        "error": 0.2229779099059536, 
        "fit": "average_SEM", 
        "value": -0.3347201933773855
    }, 
    "L2": {
        "error": 0.1279399195843147, 
        "fit": "average_SEM", 
        "value": -0.3682761570438743
    }
}