{
    "AX": {
        "error": 0.0543304280773012, 
        "fit": "average_SEM", 
        "value": 0.014248091479627571
    }, 
    "CDD": {
        "error": 7.961581284526694e-05, 
        "fit": "average_SEM", 
        "value": 4.0302389485683913e-05
    }, 
    "H1": {
        "error": 0.1279834446250245, 
        "fit": "average_SEM", 
        "value": -0.2433796373506387
    }, 
    "H2": {
        "error": 0.12520508241580391, 
        "fit": "average_SEM", 
        "value": -0.4640624079853296
    }, 
    "L1": {
        "error": 0.1753512631552928, 
        "fit": "average_SEM", 
        "value": -0.30627314576801534
    }, 
    "L2": {
        "error": 0.12385832314489467, 
        "fit": "average_SEM", 
        "value": -0.3893603009482225
    }
}