{
    "Ar36": {
        "error": 0.0019001976303240312, 
        "fit": "parabolic", 
        "value": 0.015389309640918924
    }, 
    "Ar37": {
        "error": 0.13154974803741887, 
        "fit": "linear", 
        "value": 1.8964979111972964
    }, 
    "Ar38": {
        "error": 0.1312230677688109, 
        "fit": "linear", 
        "value": 2.5211252784381459
    }, 
    "Ar39": {
        "error": 0.14229390412965004, 
        "fit": "parabolic", 
        "value": 221.96858190545228
    }, 
    "Ar40": {
        "error": 0.5750055820507487, 
        "fit": "parabolic", 
        "value": 2238.1645309122923
    }, 
    "Ar41": {
        "error": 0.12931023498693844, 
        "fit": "average_SEM", 
        "value": -0.38626934423111381
    }
}