{
    "Ar36": {
        "error": 0.0014455221483987378, 
        "fit": "parabolic", 
        "value": 0.0099690464924484298
    }, 
    "Ar37": {
        "error": 0.13301741437057768, 
        "fit": "linear", 
        "value": 0.098848378733520592
    }, 
    "Ar38": {
        "error": 0.14079204420080135, 
        "fit": "linear", 
        "value": -0.0867588378440627
    }, 
    "Ar39": {
        "error": 0.066133224018062334, 
        "fit": "parabolic", 
        "value": 13.579099110313706
    }, 
    "Ar40": {
        "error": 0.189271244847494, 
        "fit": "parabolic", 
        "value": 139.1258244676614
    }, 
    "Ar41": {
        "error": 0.12252521346206043, 
        "fit": "average_SEM", 
        "value": -0.42689568670000883
    }
}