{
    "Ar36": {
        "error": 0.0076951599395323833, 
        "fit": "parabolic", 
        "value": 0.4011658625225959
    }, 
    "Ar37": {
        "error": 0.12967729473482112, 
        "fit": "linear", 
        "value": 1.8288562285604946
    }, 
    "Ar38": {
        "error": 0.14641653835873766, 
        "fit": "linear", 
        "value": 5.4259947625088953
    }, 
    "Ar39": {
        "error": 0.17543069531322925, 
        "fit": "parabolic", 
        "value": 419.8234105624806
    }, 
    "Ar40": {
        "error": 0.85220271621039034, 
        "fit": "parabolic", 
        "value": 3579.1202129377907
    }, 
    "Ar41": {
        "error": 0.1274722858310639, 
        "fit": "average_SEM", 
        "value": -0.015136497902567499
    }
}