{
    "Ar36": {
        "error": 0.0051494888423934404, 
        "fit": "parabolic", 
        "value": 0.1832640246394722
    }, 
    "Ar37": {
        "error": 0.13062651262179745, 
        "fit": "linear", 
        "value": 1.5855539742442808
    }, 
    "Ar38": {
        "error": 0.13933455868765351, 
        "fit": "linear", 
        "value": 4.2050226973397358
    }, 
    "Ar39": {
        "error": 0.17022285734253553, 
        "fit": "parabolic", 
        "value": 322.43688421008824
    }, 
    "Ar40": {
        "error": 0.68203302564350532, 
        "fit": "parabolic", 
        "value": 2703.1942571899453
    }, 
    "Ar41": {
        "error": 0.12989374066074619, 
        "fit": "average_SEM", 
        "value": -0.027456019176170229
    }
}