{
    "Ar36": {
        "error": 0.0062297345673355134, 
        "fit": "parabolic", 
        "value": 0.26409246590299529
    }, 
    "Ar37": {
        "error": 0.12888281955324471, 
        "fit": "linear", 
        "value": 1.4605123140765004
    }, 
    "Ar38": {
        "error": 0.13686341874929958, 
        "fit": "linear", 
        "value": 3.846984099002055
    }, 
    "Ar39": {
        "error": 0.1631378925400449, 
        "fit": "parabolic", 
        "value": 290.43664865137043
    }, 
    "Ar40": {
        "error": 0.63452350812081293, 
        "fit": "parabolic", 
        "value": 2467.1981920438839
    }, 
    "Ar41": {
        "error": 0.13025459341884163, 
        "fit": "average_SEM", 
        "value": -0.010000738331800676
    }
}