{
    "Ar36": {
        "error": 0.0010431213195721452, 
        "fit": "parabolic", 
        "value": 0.0035720075631454759
    }, 
    "Ar37": {
        "error": 0.13665095459878807, 
        "fit": "linear", 
        "value": 0.083119817770453686
    }, 
    "Ar38": {
        "error": 0.14477082930227639, 
        "fit": "linear", 
        "value": 0.051220650528899736
    }, 
    "Ar39": {
        "error": 0.057132480631815113, 
        "fit": "parabolic", 
        "value": -0.014971347475715187
    }, 
    "Ar40": {
        "error": 0.13257127224287479, 
        "fit": "parabolic", 
        "value": 1.0585906800800053
    }, 
    "Ar41": {
        "error": 0.1266929834584874, 
        "fit": "average_SEM", 
        "value": -0.1353264137437509
    }
}