{
    "Ar36": {
        "error": 0.0030497508585452964, 
        "fit": "parabolic", 
        "value": 0.051606842871087598
    }, 
    "Ar37": {
        "error": 0.12275552317939345, 
        "fit": "linear", 
        "value": 1.3839489889369743
    }, 
    "Ar38": {
        "error": 0.13414581616233404, 
        "fit": "linear", 
        "value": 1.3119467462586898
    }, 
    "Ar39": {
        "error": 0.10495970843535314, 
        "fit": "parabolic", 
        "value": 101.06403524609324
    }, 
    "Ar40": {
        "error": 0.39862208789526632, 
        "fit": "parabolic", 
        "value": 1020.3801842835019
    }, 
    "Ar41": {
        "error": 0.13083676388738791, 
        "fit": "average_SEM", 
        "value": -0.12485347835796347
    }
}