{
    "Ar36": {
        "error": 0.0025957747124377203, 
        "fit": "parabolic", 
        "value": 0.035477060569419031
    }, 
    "Ar37": {
        "error": 0.12554698942269485, 
        "fit": "linear", 
        "value": 0.47101550937761183
    }, 
    "Ar38": {
        "error": 0.12430243345716817, 
        "fit": "linear", 
        "value": 1.2801442388809274
    }, 
    "Ar39": {
        "error": 0.10509107659589283, 
        "fit": "parabolic", 
        "value": 102.72657957799584
    }, 
    "Ar40": {
        "error": 0.42506451700950248, 
        "fit": "parabolic", 
        "value": 1018.5085261626339
    }, 
    "Ar41": {
        "error": 0.13839802128186515, 
        "fit": "average_SEM", 
        "value": -0.19475888026950997
    }
}