{
    "Ar36": {
        "error": 0.0026914047056310945, 
        "fit": "parabolic", 
        "value": 0.041500834001106809
    }, 
    "Ar37": {
        "error": 0.20568455939271682, 
        "fit": "linear", 
        "value": 14.556451180834998
    }, 
    "Ar38": {
        "error": 0.11290817701484171, 
        "fit": "linear", 
        "value": 0.58971807415114119
    }, 
    "Ar39": {
        "error": 0.063690156990868135, 
        "fit": "parabolic", 
        "value": 7.9412389488199366
    }, 
    "Ar40": {
        "error": 0.15075612447632747, 
        "fit": "parabolic", 
        "value": 84.045223576902188
    }, 
    "Ar41": {
        "error": 0.11638902537693775, 
        "fit": "average_SEM", 
        "value": -0.043182020330714298
    }
}