{
    "Ar36": {
        "error": 0.0024980387860448921, 
        "fit": "parabolic", 
        "value": 0.038070780130235217
    }, 
    "Ar37": {
        "error": 0.27928957613744776, 
        "fit": "linear", 
        "value": 7.1452226066824025
    }, 
    "Ar38": {
        "error": 0.12972710577159235, 
        "fit": "linear", 
        "value": 0.25335573641061332
    }, 
    "Ar39": {
        "error": 0.063069617391488086, 
        "fit": "parabolic", 
        "value": 3.7553847519240495
    }, 
    "Ar40": {
        "error": 0.13028642855157244, 
        "fit": "parabolic", 
        "value": 44.968842373762058
    }, 
    "Ar41": {
        "error": 0.11848096503759542, 
        "fit": "average_SEM", 
        "value": -0.037348183912290549
    }
}