{
    "Ar36": {
        "error": 0.009032581858513921, 
        "fit": "parabolic", 
        "value": 0.53699676394221207
    }, 
    "Ar37": {
        "error": 0.13006500402408433, 
        "fit": "linear", 
        "value": 0.35204361307535459
    }, 
    "Ar38": {
        "error": 0.17050450857655972, 
        "fit": "linear", 
        "value": 1.190636417436814
    }, 
    "Ar39": {
        "error": 0.10199698837340905, 
        "fit": "parabolic", 
        "value": 112.39778714704376
    }, 
    "Ar40": {
        "error": 0.38435776901988344, 
        "fit": "parabolic", 
        "value": 1057.5071609487122
    }, 
    "Ar41": {
        "error": 0.11613455177901329, 
        "fit": "average_SEM", 
        "value": -0.43309081815183165
    }
}