{
    "Ar36": {
        "error": 0.0035730278175889005, 
        "fit": "parabolic", 
        "value": 0.074523335137767641
    }, 
    "Ar37": {
        "error": 0.13190569395409954, 
        "fit": "linear", 
        "value": -0.24030551716848092
    }, 
    "Ar38": {
        "error": 0.15618331460400883, 
        "fit": "linear", 
        "value": 0.47528742603069868
    }, 
    "Ar39": {
        "error": 0.090647342590464114, 
        "fit": "parabolic", 
        "value": 55.414375979735482
    }, 
    "Ar40": {
        "error": 0.27501389237473711, 
        "fit": "parabolic", 
        "value": 453.7471944432923
    }, 
    "Ar41": {
        "error": 0.12577802739748045, 
        "fit": "average_SEM", 
        "value": -0.47441257942467929
    }
}