{
    "Ar36": {
        "error": 0.0030601392094428931, 
        "fit": "parabolic", 
        "value": 0.052246578879351885
    }, 
    "Ar37": {
        "error": 0.13547404228224488, 
        "fit": "linear", 
        "value": 0.14135950569752659
    }, 
    "Ar38": {
        "error": 0.13228566156727717, 
        "fit": "linear", 
        "value": 0.6225278904291337
    }, 
    "Ar39": {
        "error": 0.082241965775432718, 
        "fit": "parabolic", 
        "value": 44.447204285561597
    }, 
    "Ar40": {
        "error": 0.25389523445122536, 
        "fit": "parabolic", 
        "value": 357.1922501959649
    }, 
    "Ar41": {
        "error": 0.1318607083456497, 
        "fit": "average_SEM", 
        "value": -0.18070547611227084
    }
}