{
    "Ar36": {
        "error": 0.0015640196535888064, 
        "fit": "parabolic", 
        "value": 0.011409326194293709
    }, 
    "Ar37": {
        "error": 0.13066386639466096, 
        "fit": "linear", 
        "value": 0.30723068215214877
    }, 
    "Ar38": {
        "error": 0.13399818907938602, 
        "fit": "linear", 
        "value": 1.3768935902743258
    }, 
    "Ar39": {
        "error": 0.10799687197489531, 
        "fit": "parabolic", 
        "value": 111.47358858623429
    }, 
    "Ar40": {
        "error": 0.3712462301266749, 
        "fit": "parabolic", 
        "value": 877.01977368324287
    }, 
    "Ar41": {
        "error": 0.13089835817573847, 
        "fit": "average_SEM", 
        "value": -0.17088462296844228
    }
}