{
    "Ar36": {
        "error": 0.0033490534614967907, 
        "fit": "parabolic", 
        "value": 0.065720614695859686
    }, 
    "Ar37": {
        "error": 0.12914055061916593, 
        "fit": "linear", 
        "value": 0.16719956584398438
    }, 
    "Ar38": {
        "error": 0.15467835547369491, 
        "fit": "linear", 
        "value": 1.7615520686508432
    }, 
    "Ar39": {
        "error": 0.12860425494750105, 
        "fit": "parabolic", 
        "value": 162.39324534076718
    }, 
    "Ar40": {
        "error": 0.42796576822480697, 
        "fit": "parabolic", 
        "value": 1287.8065362773791
    }, 
    "Ar41": {
        "error": 0.1253451613207745, 
        "fit": "average_SEM", 
        "value": -0.43635484453290702
    }
}